name,age,sex,phone
Person 1,38,M,770-968-3620
Person 2,39,F,673-952-3539
Person 3,48,M,981-722-2163
Person 4,48,F,653-145-2620
Person 5,64,M,561-967-9094
Person 6,61,M,179-155-3589
Person 7,23,F,976-966-4088
Person 8,41,M,245-609-8676
Person 9,57,M,500-830-4349
Person 10,21,M,596-596-7554
Person 11,49,M,412-772-1659
Person 12,40,F,383-416-1266
Person 13,34,F,362-115-3570
Person 14,18,F,689-967-7521
Person 15,40,F,602-614-7296
Person 16,62,F,862-119-1928
Person 17,69,M,850-243-5711
Person 18,29,F,502-118-9218
Person 19,44,M,525-735-4431
Person 20,35,M,572-416-2095
Person 21,25,F,534-165-4486
Person 22,51,F,956-222-2453
Person 23,61,F,755-906-2333
Person 24,45,M,623-551-6842
Person 25,52,M,526-366-8396
Person 26,58,F,591-510-8745
Person 27,22,M,392-213-4205
Person 28,59,F,277-113-1711
Person 29,62,M,794-510-1077
Person 30,28,F,497-552-4951
Person 31,68,M,212-584-9196
Person 32,41,F,342-676-8619
Person 33,70,M,508-329-8983
Person 34,28,F,730-843-3834
Person 35,36,F,471-628-9745
Person 36,42,F,717-328-5617
Person 37,41,M,378-914-6465
Person 38,60,F,122-577-3923
Person 39,21,F,598-619-8976
Person 40,52,M,622-392-3084
Person 41,58,F,656-601-8813
Person 42,53,F,917-283-4394
Person 43,56,M,418-160-5661
Person 44,54,F,775-409-2315
Person 45,19,F,162-425-3592
Person 46,43,M,883-816-8136
Person 47,44,F,862-270-7129
Person 48,39,M,983-346-6711
Person 49,24,F,954-257-1884
Person 50,66,M,780-439-2824
